offerFulfillmentId,accountId,tsysAccountId,offerTriggerId,periodStartTimestamp,periodEndTimestamp,trackerType,status,currentValue,targetValue,points,fulfilledTimestamp,fulfilledTransactionId,createTimestamp,createUserId,updateTimestamp,updateUserId,eventType
-1,11579585,8903474,67,2025-09-03 00:00:00,2025-12-03 00:00:00,PCHCNT,OP,0,1,0,null,null,null,SYSTEM,null,null,ADD
-2,11579591,8903478,67,2025-09-03 00:00:00,2025-12-03 00:00:00,PCHCNT,OP,0,1,0,null,null,null,SYSTEM,null,null,ADD
-3,11579934,8903794,67,2025-09-03 00:00:00,2025-12-03 00:00:00,PCHCNT,OP,0,1,0,null,null,null,SYSTEM,null,null,ADD
-4,11580240,8904059,67,2025-09-03 00:00:00,2025-12-03 00:00:00,PCHCNT,OP,0,1,0,null,null,null,SYSTEM,null,null,ADD
-5,11580315,8904131,67,2025-09-03 00:00:00,2025-12-03 00:00:00,PCHCNT,OP,0,1,0,null,null,null,SYSTEM,null,null,ADD
-6,11580351,8904163,67,2025-09-03 00:00:00,2025-12-03 00:00:00,PCHCNT,OP,0,1,0,null,null,null,SYSTEM,null,null,ADD
-7,11580412,8904218,67,2025-09-03 00:00:00,2025-12-03 00:00:00,PCHCNT,OP,0,1,0,null,null,null,SYSTEM,null,null,ADD
-8,11580606,8904392,67,2025-09-03 00:00:00,2025-12-03 00:00:00,PCHCNT,OP,0,1,0,null,null,null,SYSTEM,null,null,ADD
-9,11580761,8904534,67,2025-09-03 00:00:00,2025-12-03 00:00:00,PCHCNT,OP,0,1,0,null,null,null,SYSTEM,null,null,ADD
-10,11581247,8904944,67,2025-09-03 00:00:00,2025-12-03 00:00:00,PCHCNT,OP,0,1,0,null,null,null,SYSTEM,null,null,ADD
-11,11585202,8905008,67,2025-09-05 00:00:00,2025-12-05 00:00:00,PCHCNT,OP,0,1,0,null,null,null,SYSTEM,null,null,ADD
-12,11581437,8905123,67,2025-09-03 00:00:00,2025-12-03 00:00:00,PCHCNT,OP,0,1,0,null,null,null,SYSTEM,null,null,ADD
-13,11581598,8905265,67,2025-09-03 00:00:00,2025-12-03 00:00:00,PCHCNT,OP,0,1,0,null,null,null,SYSTEM,null,null,ADD
-14,11581667,8905330,67,2025-09-03 00:00:00,2025-12-03 00:00:00,PCHCNT,OP,0,1,0,null,null,null,SYSTEM,null,null,ADD
-15,11581770,8905433,67,2025-09-03 00:00:00,2025-12-03 00:00:00,PCHCNT,OP,0,1,0,null,null,null,SYSTEM,null,null,ADD
-16,11582172,8905749,67,2025-09-04 00:00:00,2025-12-04 00:00:00,PCHCNT,OP,0,1,0,null,null,null,SYSTEM,null,null,ADD
-17,11582237,8905810,67,2025-09-04 00:00:00,2025-12-04 00:00:00,PCHCNT,OP,0,1,0,null,null,null,SYSTEM,null,null,ADD
-18,11582596,8906121,67,2025-09-04 00:00:00,2025-12-04 00:00:00,PCHCNT,OP,0,1,0,null,null,null,SYSTEM,null,null,ADD
-19,11582634,8906154,67,2025-09-04 00:00:00,2025-12-04 00:00:00,PCHCNT,OP,0,1,0,null,null,null,SYSTEM,null,null,ADD
-20,11582729,8906239,67,2025-09-04 00:00:00,2025-12-04 00:00:00,PCHCNT,OP,0,1,0,null,null,null,SYSTEM,null,null,ADD
-21,11582746,8906256,67,2025-09-04 00:00:00,2025-12-04 00:00:00,PCHCNT,OP,0,1,0,null,null,null,SYSTEM,null,null,ADD
-22,11582887,8906383,67,2025-09-04 00:00:00,2025-12-04 00:00:00,PCHCNT,OP,0,1,0,null,null,null,SYSTEM,null,null,ADD
-23,11582964,8906453,67,2025-09-04 00:00:00,2025-12-04 00:00:00,PCHCNT,OP,0,1,0,null,null,null,SYSTEM,null,null,ADD
-24,11583213,8906669,67,2025-09-04 00:00:00,2025-12-04 00:00:00,PCHCNT,OP,0,1,0,null,null,null,SYSTEM,null,null,ADD
-25,11585220,8906700,67,2025-09-05 00:00:00,2025-12-05 00:00:00,PCHCNT,OP,0,1,0,null,null,null,SYSTEM,null,null,ADD
-26,11583874,8907223,67,2025-09-04 00:00:00,2025-12-04 00:00:00,PCHCNT,OP,0,1,0,null,null,null,SYSTEM,null,null,ADD
-27,11584142,8907440,67,2025-09-04 00:00:00,2025-12-04 00:00:00,PCHCNT,OP,0,1,0,null,null,null,SYSTEM,null,null,ADD
-28,11584377,8907611,67,2025-09-04 00:00:00,2025-12-04 00:00:00,PCHCNT,OP,0,1,0,null,null,null,SYSTEM,null,null,ADD
-29,11584782,8907846,67,2025-09-04 00:00:00,2025-12-04 00:00:00,PCHCNT,OP,0,1,0,null,null,null,SYSTEM,null,null,ADD
-30,11587324,8907985,67,2025-09-06 00:00:00,2025-12-06 00:00:00,PCHCNT,OP,0,1,0,null,null,null,SYSTEM,null,null,ADD
-31,11587326,8908396,67,2025-09-06 00:00:00,2025-12-06 00:00:00,PCHCNT,OP,0,1,0,null,null,null,SYSTEM,null,null,ADD
-32,11585802,8908467,67,2025-09-05 00:00:00,2025-12-05 00:00:00,PCHCNT,OP,0,1,0,null,null,null,SYSTEM,null,null,ADD
-33,11585908,8908558,67,2025-09-05 00:00:00,2025-12-05 00:00:00,PCHCNT,OP,0,1,0,null,null,null,SYSTEM,null,null,ADD
-34,11585954,8908594,67,2025-09-05 00:00:00,2025-12-05 00:00:00,PCHCNT,OP,0,1,0,null,null,null,SYSTEM,null,null,ADD
-35,11586090,8908704,67,2025-09-05 00:00:00,2025-12-05 00:00:00,PCHCNT,OP,0,1,0,null,null,null,SYSTEM,null,null,ADD
-36,11586157,8908759,67,2025-09-05 00:00:00,2025-12-05 00:00:00,PCHCNT,OP,0,1,0,null,null,null,SYSTEM,null,null,ADD
-37,11586293,8908865,67,2025-09-05 00:00:00,2025-12-05 00:00:00,PCHCNT,OP,0,1,0,null,null,null,SYSTEM,null,null,ADD
-38,11586338,8908901,67,2025-09-05 00:00:00,2025-12-05 00:00:00,PCHCNT,OP,0,1,0,null,null,null,SYSTEM,null,null,ADD
-39,11586481,8909024,67,2025-09-05 00:00:00,2025-12-05 00:00:00,PCHCNT,OP,0,1,0,null,null,null,SYSTEM,null,null,ADD
-40,11586569,8909101,67,2025-09-05 00:00:00,2025-12-05 00:00:00,PCHCNT,OP,0,1,0,null,null,null,SYSTEM,null,null,ADD
-41,11586580,8909113,67,2025-09-05 00:00:00,2025-12-05 00:00:00,PCHCNT,OP,0,1,0,null,null,null,SYSTEM,null,null,ADD
-42,11586659,8909181,67,2025-09-05 00:00:00,2025-12-05 00:00:00,PCHCNT,OP,0,1,0,null,null,null,SYSTEM,null,null,ADD
-43,11586885,8909360,67,2025-09-05 00:00:00,2025-12-05 00:00:00,PCHCNT,OP,0,1,0,null,null,null,SYSTEM,null,null,ADD
-44,11586919,8909389,67,2025-09-05 00:00:00,2025-12-05 00:00:00,PCHCNT,OP,0,1,0,null,null,null,SYSTEM,null,null,ADD
-45,11586923,8909391,67,2025-09-05 00:00:00,2025-12-05 00:00:00,PCHCNT,OP,0,1,0,null,null,null,SYSTEM,null,null,ADD
-46,11587683,8909924,67,2025-09-06 00:00:00,2025-12-06 00:00:00,PCHCNT,OP,0,1,0,null,null,null,SYSTEM,null,null,ADD
-47,11587897,8910091,67,2025-09-06 00:00:00,2025-12-06 00:00:00,PCHCNT,OP,0,1,0,null,null,null,SYSTEM,null,null,ADD
-48,11588039,8910207,67,2025-09-06 00:00:00,2025-12-06 00:00:00,PCHCNT,OP,0,1,0,null,null,null,SYSTEM,null,null,ADD
-49,11588112,8910266,67,2025-09-06 00:00:00,2025-12-06 00:00:00,PCHCNT,OP,0,1,0,null,null,null,SYSTEM,null,null,ADD
-50,11588134,8910284,67,2025-09-06 00:00:00,2025-12-06 00:00:00,PCHCNT,OP,0,1,0,null,null,null,SYSTEM,null,null,ADD
-51,11588530,8910632,67,2025-09-06 00:00:00,2025-12-06 00:00:00,PCHCNT,OP,0,1,0,null,null,null,SYSTEM,null,null,ADD
-52,11588630,8910716,67,2025-09-06 00:00:00,2025-12-06 00:00:00,PCHCNT,OP,0,1,0,null,null,null,SYSTEM,null,null,ADD
-53,11588637,8910723,67,2025-09-06 00:00:00,2025-12-06 00:00:00,PCHCNT,OP,0,1,0,null,null,null,SYSTEM,null,null,ADD
-54,11588674,8910757,67,2025-09-06 00:00:00,2025-12-06 00:00:00,PCHCNT,OP,0,1,0,null,null,null,SYSTEM,null,null,ADD
-55,11588822,8910882,67,2025-09-06 00:00:00,2025-12-06 00:00:00,PCHCNT,OP,0,1,0,null,null,null,SYSTEM,null,null,ADD
-56,11588832,8910890,67,2025-09-06 00:00:00,2025-12-06 00:00:00,PCHCNT,OP,0,1,0,null,null,null,SYSTEM,null,null,ADD
-57,11589432,8911323,67,2025-09-07 00:00:00,2025-12-07 00:00:00,PCHCNT,OP,0,1,0,null,null,null,SYSTEM,null,null,ADD
-58,11590064,8911847,67,2025-09-07 00:00:00,2025-12-07 00:00:00,PCHCNT,OP,0,1,0,null,null,null,SYSTEM,null,null,ADD
-59,11590289,8912049,67,2025-09-07 00:00:00,2025-12-07 00:00:00,PCHCNT,OP,0,1,0,null,null,null,SYSTEM,null,null,ADD
-60,11590300,8912059,67,2025-09-07 00:00:00,2025-12-07 00:00:00,PCHCNT,OP,0,1,0,null,null,null,SYSTEM,null,null,ADD
-61,11590388,8912130,67,2025-09-07 00:00:00,2025-12-07 00:00:00,PCHCNT,OP,0,1,0,null,null,null,SYSTEM,null,null,ADD
-62,11590911,8912523,67,2025-09-08 00:00:00,2025-12-08 00:00:00,PCHCNT,OP,0,1,0,null,null,null,SYSTEM,null,null,ADD
-63,11591082,8912659,67,2025-09-08 00:00:00,2025-12-08 00:00:00,PCHCNT,OP,0,1,0,null,null,null,SYSTEM,null,null,ADD
-64,11591368,8912885,67,2025-09-08 00:00:00,2025-12-08 00:00:00,PCHCNT,OP,0,1,0,null,null,null,SYSTEM,null,null,ADD
-65,11591373,8912890,67,2025-09-08 00:00:00,2025-12-08 00:00:00,PCHCNT,OP,0,1,0,null,null,null,SYSTEM,null,null,ADD
-66,11591380,8912896,67,2025-09-08 00:00:00,2025-12-08 00:00:00,PCHCNT,OP,0,1,0,null,null,null,SYSTEM,null,null,ADD
-67,11591677,8913147,67,2025-09-08 00:00:00,2025-12-08 00:00:00,PCHCNT,OP,0,1,0,null,null,null,SYSTEM,null,null,ADD
-68,11592204,8913581,67,2025-09-08 00:00:00,2025-12-08 00:00:00,PCHCNT,OP,0,1,0,null,null,null,SYSTEM,null,null,ADD
-69,11593074,8914173,67,2025-09-09 00:00:00,2025-12-09 00:00:00,PCHCNT,OP,0,1,0,null,null,null,SYSTEM,null,null,ADD
-70,11593267,8914334,67,2025-09-09 00:00:00,2025-12-09 00:00:00,PCHCNT,OP,0,1,0,null,null,null,SYSTEM,null,null,ADD
-71,11593284,8914348,67,2025-09-09 00:00:00,2025-12-09 00:00:00,PCHCNT,OP,0,1,0,null,null,null,SYSTEM,null,null,ADD
-72,11593348,8914396,67,2025-09-09 00:00:00,2025-12-09 00:00:00,PCHCNT,OP,0,1,0,null,null,null,SYSTEM,null,null,ADD
-73,11593685,8914677,67,2025-09-09 00:00:00,2025-12-09 00:00:00,PCHCNT,OP,0,1,0,null,null,null,SYSTEM,null,null,ADD
-74,11593711,8914699,67,2025-09-09 00:00:00,2025-12-09 00:00:00,PCHCNT,OP,0,1,0,null,null,null,SYSTEM,null,null,ADD
-75,11593743,8914725,67,2025-09-09 00:00:00,2025-12-09 00:00:00,PCHCNT,OP,0,1,0,null,null,null,SYSTEM,null,null,ADD
-76,11593748,8914731,67,2025-09-09 00:00:00,2025-12-09 00:00:00,PCHCNT,OP,0,1,0,null,null,null,SYSTEM,null,null,ADD
-77,11593777,8914755,67,2025-09-09 00:00:00,2025-12-09 00:00:00,PCHCNT,OP,0,1,0,null,null,null,SYSTEM,null,null,ADD
-78,11593896,8914852,67,2025-09-09 00:00:00,2025-12-09 00:00:00,PCHCNT,OP,0,1,0,null,null,null,SYSTEM,null,null,ADD
-79,11593958,8914899,67,2025-09-09 00:00:00,2025-12-09 00:00:00,PCHCNT,OP,0,1,0,null,null,null,SYSTEM,null,null,ADD
-80,11594191,8915084,67,2025-09-09 00:00:00,2025-12-09 00:00:00,PCHCNT,OP,0,1,0,null,null,null,SYSTEM,null,null,ADD
-81,11595150,8915792,67,2025-09-10 00:00:00,2025-12-10 00:00:00,PCHCNT,OP,0,1,0,null,null,null,SYSTEM,null,null,ADD
-82,11595205,8915835,67,2025-09-10 00:00:00,2025-12-10 00:00:00,PCHCNT,OP,0,1,0,null,null,null,SYSTEM,null,null,ADD
-83,11595233,8915856,67,2025-09-10 00:00:00,2025-12-10 00:00:00,PCHCNT,OP,0,1,0,null,null,null,SYSTEM,null,null,ADD
-84,11595282,8915899,67,2025-09-10 00:00:00,2025-12-10 00:00:00,PCHCNT,OP,0,1,0,null,null,null,SYSTEM,null,null,ADD
-85,11595284,8915901,67,2025-09-10 00:00:00,2025-12-10 00:00:00,PCHCNT,OP,0,1,0,null,null,null,SYSTEM,null,null,ADD
-86,11595331,8915940,67,2025-09-10 00:00:00,2025-12-10 00:00:00,PCHCNT,OP,0,1,0,null,null,null,SYSTEM,null,null,ADD
-87,11595399,8916002,67,2025-09-10 00:00:00,2025-12-10 00:00:00,PCHCNT,OP,0,1,0,null,null,null,SYSTEM,null,null,ADD
-88,11595497,8916089,67,2025-09-10 00:00:00,2025-12-10 00:00:00,PCHCNT,OP,0,1,0,null,null,null,SYSTEM,null,null,ADD
-89,11595538,8916128,67,2025-09-10 00:00:00,2025-12-10 00:00:00,PCHCNT,OP,0,1,0,null,null,null,SYSTEM,null,null,ADD
-90,11595827,8916366,67,2025-09-10 00:00:00,2025-12-10 00:00:00,PCHCNT,OP,0,1,0,null,null,null,SYSTEM,null,null,ADD
-91,11595999,8916499,67,2025-09-10 00:00:00,2025-12-10 00:00:00,PCHCNT,OP,0,1,0,null,null,null,SYSTEM,null,null,ADD
-92,11596612,8916940,67,2025-09-11 00:00:00,2025-12-11 00:00:00,PCHCNT,OP,0,1,0,null,null,null,SYSTEM,null,null,ADD
-93,11596643,8916963,67,2025-09-11 00:00:00,2025-12-11 00:00:00,PCHCNT,OP,0,1,0,null,null,null,SYSTEM,null,null,ADD
-94,11596944,8917216,67,2025-09-11 00:00:00,2025-12-11 00:00:00,PCHCNT,OP,0,1,0,null,null,null,SYSTEM,null,null,ADD
-95,11597444,8917627,67,2025-09-11 00:00:00,2025-12-11 00:00:00,PCHCNT,OP,0,1,0,null,null,null,SYSTEM,null,null,ADD
-96,11597556,8917720,67,2025-09-11 00:00:00,2025-12-11 00:00:00,PCHCNT,OP,0,1,0,null,null,null,SYSTEM,null,null,ADD
-97,11597719,8917853,67,2025-09-11 00:00:00,2025-12-11 00:00:00,PCHCNT,OP,0,1,0,null,null,null,SYSTEM,null,null,ADD
-98,11597834,8917949,67,2025-09-11 00:00:00,2025-12-11 00:00:00,PCHCNT,OP,0,1,0,null,null,null,SYSTEM,null,null,ADD
-99,11597880,8917981,67,2025-09-11 00:00:00,2025-12-11 00:00:00,PCHCNT,OP,0,1,0,null,null,null,SYSTEM,null,null,ADD
-100,11597972,8918051,67,2025-09-11 00:00:00,2025-12-11 00:00:00,PCHCNT,OP,0,1,0,null,null,null,SYSTEM,null,null,ADD
-101,11598072,8918118,67,2025-09-11 00:00:00,2025-12-11 00:00:00,PCHCNT,OP,0,1,0,null,null,null,SYSTEM,null,null,ADD
-102,11598622,8918486,67,2025-09-12 00:00:00,2025-12-12 00:00:00,PCHCNT,OP,0,1,0,null,null,null,SYSTEM,null,null,ADD
-103,11598894,8918700,67,2025-09-12 00:00:00,2025-12-12 00:00:00,PCHCNT,OP,0,1,0,null,null,null,SYSTEM,null,null,ADD
-104,11600218,8919035,67,2025-09-13 00:00:00,2025-12-13 00:00:00,PCHCNT,OP,0,1,0,null,null,null,SYSTEM,null,null,ADD
-105,11599427,8919127,67,2025-09-12 00:00:00,2025-12-12 00:00:00,PCHCNT,OP,0,1,0,null,null,null,SYSTEM,null,null,ADD
-106,11599598,8919275,67,2025-09-12 00:00:00,2025-12-12 00:00:00,PCHCNT,OP,0,1,0,null,null,null,SYSTEM,null,null,ADD
-107,11599646,8919314,67,2025-09-12 00:00:00,2025-12-12 00:00:00,PCHCNT,OP,0,1,0,null,null,null,SYSTEM,null,null,ADD
-108,11599668,8919334,67,2025-09-12 00:00:00,2025-12-12 00:00:00,PCHCNT,OP,0,1,0,null,null,null,SYSTEM,null,null,ADD
-109,11599674,8919338,67,2025-09-12 00:00:00,2025-12-12 00:00:00,PCHCNT,OP,0,1,0,null,null,null,SYSTEM,null,null,ADD
-110,11599936,8919552,67,2025-09-12 00:00:00,2025-12-12 00:00:00,PCHCNT,OP,0,1,0,null,null,null,SYSTEM,null,null,ADD
-111,11600617,8920014,67,2025-09-13 00:00:00,2025-12-13 00:00:00,PCHCNT,OP,0,1,0,null,null,null,SYSTEM,null,null,ADD
-112,11600698,8920082,67,2025-09-13 00:00:00,2025-12-13 00:00:00,PCHCNT,OP,0,1,0,null,null,null,SYSTEM,null,null,ADD
-113,11600710,8920092,67,2025-09-13 00:00:00,2025-12-13 00:00:00,PCHCNT,OP,0,1,0,null,null,null,SYSTEM,null,null,ADD
-114,11600818,8920185,67,2025-09-13 00:00:00,2025-12-13 00:00:00,PCHCNT,OP,0,1,0,null,null,null,SYSTEM,null,null,ADD
-115,11600975,8920310,67,2025-09-13 00:00:00,2025-12-13 00:00:00,PCHCNT,OP,0,1,0,null,null,null,SYSTEM,null,null,ADD
-116,11601025,8920357,67,2025-09-13 00:00:00,2025-12-13 00:00:00,PCHCNT,OP,0,1,0,null,null,null,SYSTEM,null,null,ADD
-117,11601043,8920374,67,2025-09-13 00:00:00,2025-12-13 00:00:00,PCHCNT,OP,0,1,0,null,null,null,SYSTEM,null,null,ADD
-118,11601074,8920401,67,2025-09-13 00:00:00,2025-12-13 00:00:00,PCHCNT,OP,0,1,0,null,null,null,SYSTEM,null,null,ADD
-119,11601110,8920435,67,2025-09-13 00:00:00,2025-12-13 00:00:00,PCHCNT,OP,0,1,0,null,null,null,SYSTEM,null,null,ADD
-120,11601228,8920537,67,2025-09-13 00:00:00,2025-12-13 00:00:00,PCHCNT,OP,0,1,0,null,null,null,SYSTEM,null,null,ADD
-121,11601299,8920601,67,2025-09-13 00:00:00,2025-12-13 00:00:00,PCHCNT,OP,0,1,0,null,null,null,SYSTEM,null,null,ADD
-122,11601525,8920803,67,2025-09-13 00:00:00,2025-12-13 00:00:00,PCHCNT,OP,0,1,0,null,null,null,SYSTEM,null,null,ADD
-123,11601628,8920894,67,2025-09-13 00:00:00,2025-12-13 00:00:00,PCHCNT,OP,0,1,0,null,null,null,SYSTEM,null,null,ADD
-124,11601731,8920979,67,2025-09-13 00:00:00,2025-12-13 00:00:00,PCHCNT,OP,0,1,0,null,null,null,SYSTEM,null,null,ADD
-125,11602235,8921326,67,2025-09-14 00:00:00,2025-12-14 00:00:00,PCHCNT,OP,0,1,0,null,null,null,SYSTEM,null,null,ADD
-126,11602522,8921568,67,2025-09-14 00:00:00,2025-12-14 00:00:00,PCHCNT,OP,0,1,0,null,null,null,SYSTEM,null,null,ADD
-127,11602698,8921713,67,2025-09-14 00:00:00,2025-12-14 00:00:00,PCHCNT,OP,0,1,0,null,null,null,SYSTEM,null,null,ADD
-128,11602762,8921770,67,2025-09-14 00:00:00,2025-12-14 00:00:00,PCHCNT,OP,0,1,0,null,null,null,SYSTEM,null,null,ADD
-129,11603670,8922470,67,2025-09-15 00:00:00,2025-12-15 00:00:00,PCHCNT,OP,0,1,0,null,null,null,SYSTEM,null,null,ADD
-130,11603680,8922480,67,2025-09-15 00:00:00,2025-12-15 00:00:00,PCHCNT,OP,0,1,0,null,null,null,SYSTEM,null,null,ADD
-131,11604034,8922764,67,2025-09-15 00:00:00,2025-12-15 00:00:00,PCHCNT,OP,0,1,0,null,null,null,SYSTEM,null,null,ADD
-132,11604081,8922803,67,2025-09-15 00:00:00,2025-12-15 00:00:00,PCHCNT,OP,0,1,0,null,null,null,SYSTEM,null,null,ADD
-133,11604978,8923530,67,2025-09-15 00:00:00,2025-12-15 00:00:00,PCHCNT,OP,0,1,0,null,null,null,SYSTEM,null,null,ADD
-134,11605329,8923755,67,2025-09-16 00:00:00,2025-12-16 00:00:00,PCHCNT,OP,0,1,0,null,null,null,SYSTEM,null,null,ADD
-135,11605627,8923986,67,2025-09-16 00:00:00,2025-12-16 00:00:00,PCHCNT,OP,0,1,0,null,null,null,SYSTEM,null,null,ADD
-136,11605835,8924162,67,2025-09-16 00:00:00,2025-12-16 00:00:00,PCHCNT,OP,0,1,0,null,null,null,SYSTEM,null,null,ADD
-137,11605848,8924174,67,2025-09-16 00:00:00,2025-12-16 00:00:00,PCHCNT,OP,0,1,0,null,null,null,SYSTEM,null,null,ADD
-138,11607224,8925218,67,2025-09-17 00:00:00,2025-12-17 00:00:00,PCHCNT,OP,0,1,0,null,null,null,SYSTEM,null,null,ADD
-139,11607423,8925386,67,2025-09-17 00:00:00,2025-12-17 00:00:00,PCHCNT,OP,0,1,0,null,null,null,SYSTEM,null,null,ADD
-140,11607494,8925444,67,2025-09-17 00:00:00,2025-12-17 00:00:00,PCHCNT,OP,0,1,0,null,null,null,SYSTEM,null,null,ADD
-141,11607706,8925627,67,2025-09-17 00:00:00,2025-12-17 00:00:00,PCHCNT,OP,0,1,0,null,null,null,SYSTEM,null,null,ADD
-142,11608245,8926092,67,2025-09-17 00:00:00,2025-12-17 00:00:00,PCHCNT,OP,0,1,0,null,null,null,SYSTEM,null,null,ADD
-143,11608531,8926322,67,2025-09-17 00:00:00,2025-12-17 00:00:00,PCHCNT,OP,0,1,0,null,null,null,SYSTEM,null,null,ADD
-144,11609348,8926918,67,2025-09-18 00:00:00,2025-12-18 00:00:00,PCHCNT,OP,0,1,0,null,null,null,SYSTEM,null,null,ADD
-145,11610107,8927588,67,2025-09-18 00:00:00,2025-12-18 00:00:00,PCHCNT,OP,0,1,0,null,null,null,SYSTEM,null,null,ADD
-146,11610210,8927676,67,2025-09-18 00:00:00,2025-12-18 00:00:00,PCHCNT,OP,0,1,0,null,null,null,SYSTEM,null,null,ADD
-147,11610626,8927959,67,2025-09-19 00:00:00,2025-12-19 00:00:00,PCHCNT,OP,0,1,0,null,null,null,SYSTEM,null,null,ADD
-148,11611047,8928285,67,2025-09-19 00:00:00,2025-12-19 00:00:00,PCHCNT,OP,0,1,0,null,null,null,SYSTEM,null,null,ADD
-149,11611084,8928318,67,2025-09-19 00:00:00,2025-12-19 00:00:00,PCHCNT,OP,0,1,0,null,null,null,SYSTEM,null,null,ADD
-150,11611271,8928476,67,2025-09-19 00:00:00,2025-12-19 00:00:00,PCHCNT,OP,0,1,0,null,null,null,SYSTEM,null,null,ADD
-151,11611373,8928559,67,2025-09-19 00:00:00,2025-12-19 00:00:00,PCHCNT,OP,0,1,0,null,null,null,SYSTEM,null,null,ADD
-152,11611711,8928846,67,2025-09-19 00:00:00,2025-12-19 00:00:00,PCHCNT,OP,0,1,0,null,null,null,SYSTEM,null,null,ADD
-153,11611739,8928872,67,2025-09-19 00:00:00,2025-12-19 00:00:00,PCHCNT,OP,0,1,0,null,null,null,SYSTEM,null,null,ADD
-154,11611836,8928955,67,2025-09-19 00:00:00,2025-12-19 00:00:00,PCHCNT,OP,0,1,0,null,null,null,SYSTEM,null,null,ADD
-155,11611893,8929005,67,2025-09-19 00:00:00,2025-12-19 00:00:00,PCHCNT,OP,0,1,0,null,null,null,SYSTEM,null,null,ADD
-156,11612097,8929187,67,2025-09-19 00:00:00,2025-12-19 00:00:00,PCHCNT,OP,0,1,0,null,null,null,SYSTEM,null,null,ADD
-157,11612591,8929534,67,2025-09-20 00:00:00,2025-12-20 00:00:00,PCHCNT,OP,0,1,0,null,null,null,SYSTEM,null,null,ADD
-158,11612626,8929566,67,2025-09-20 00:00:00,2025-12-20 00:00:00,PCHCNT,OP,0,1,0,null,null,null,SYSTEM,null,null,ADD
-159,11612651,8929586,67,2025-09-20 00:00:00,2025-12-20 00:00:00,PCHCNT,OP,0,1,0,null,null,null,SYSTEM,null,null,ADD
-160,11612713,8929635,67,2025-09-20 00:00:00,2025-12-20 00:00:00,PCHCNT,OP,0,1,0,null,null,null,SYSTEM,null,null,ADD
-161,11612717,8929639,67,2025-09-20 00:00:00,2025-12-20 00:00:00,PCHCNT,OP,0,1,0,null,null,null,SYSTEM,null,null,ADD
-162,11616985,8930048,67,2025-09-23 00:00:00,2025-12-23 00:00:00,PCHCNT,OP,0,1,0,null,null,null,SYSTEM,null,null,ADD
-163,11613318,8930155,67,2025-09-20 00:00:00,2025-12-20 00:00:00,PCHCNT,OP,0,1,0,null,null,null,SYSTEM,null,null,ADD
-164,11613374,8930205,67,2025-09-20 00:00:00,2025-12-20 00:00:00,PCHCNT,OP,0,1,0,null,null,null,SYSTEM,null,null,ADD
-165,11613401,8930227,67,2025-09-20 00:00:00,2025-12-20 00:00:00,PCHCNT,OP,0,1,0,null,null,null,SYSTEM,null,null,ADD
-166,11613455,8930274,67,2025-09-20 00:00:00,2025-12-20 00:00:00,PCHCNT,OP,0,1,0,null,null,null,SYSTEM,null,null,ADD
-167,11613569,8930371,67,2025-09-20 00:00:00,2025-12-20 00:00:00,PCHCNT,OP,0,1,0,null,null,null,SYSTEM,null,null,ADD
-168,11613610,8930407,67,2025-09-20 00:00:00,2025-12-20 00:00:00,PCHCNT,OP,0,1,0,null,null,null,SYSTEM,null,null,ADD
-169,11614155,8930823,67,2025-09-21 00:00:00,2025-12-21 00:00:00,PCHCNT,OP,0,1,0,null,null,null,SYSTEM,null,null,ADD
-170,11614274,8930912,67,2025-09-21 00:00:00,2025-12-21 00:00:00,PCHCNT,OP,0,1,0,null,null,null,SYSTEM,null,null,ADD
-171,11614288,8930922,67,2025-09-21 00:00:00,2025-12-21 00:00:00,PCHCNT,OP,0,1,0,null,null,null,SYSTEM,null,null,ADD
-172,11614440,8931049,67,2025-09-21 00:00:00,2025-12-21 00:00:00,PCHCNT,OP,0,1,0,null,null,null,SYSTEM,null,null,ADD
-173,11614570,8931158,67,2025-09-21 00:00:00,2025-12-21 00:00:00,PCHCNT,OP,0,1,0,null,null,null,SYSTEM,null,null,ADD
-174,11614681,8931251,67,2025-09-21 00:00:00,2025-12-21 00:00:00,PCHCNT,OP,0,1,0,null,null,null,SYSTEM,null,null,ADD
-175,11614831,8931378,67,2025-09-21 00:00:00,2025-12-21 00:00:00,PCHCNT,OP,0,1,0,null,null,null,SYSTEM,null,null,ADD
-176,11614920,8931459,67,2025-09-21 00:00:00,2025-12-21 00:00:00,PCHCNT,OP,0,1,0,null,null,null,SYSTEM,null,null,ADD
-177,11615045,8931564,67,2025-09-21 00:00:00,2025-12-21 00:00:00,PCHCNT,OP,0,1,0,null,null,null,SYSTEM,null,null,ADD
-178,11615082,8931589,67,2025-09-21 00:00:00,2025-12-21 00:00:00,PCHCNT,OP,0,1,0,null,null,null,SYSTEM,null,null,ADD
-179,11615223,8931686,67,2025-09-21 00:00:00,2025-12-21 00:00:00,PCHCNT,OP,0,1,0,null,null,null,SYSTEM,null,null,ADD
-180,11615603,8931940,67,2025-09-22 00:00:00,2025-12-22 00:00:00,PCHCNT,OP,0,1,0,null,null,null,SYSTEM,null,null,ADD
-181,11615753,8932059,67,2025-09-22 00:00:00,2025-12-22 00:00:00,PCHCNT,OP,0,1,0,null,null,null,SYSTEM,null,null,ADD
-182,11616045,8932300,67,2025-09-22 00:00:00,2025-12-22 00:00:00,PCHCNT,OP,0,1,0,null,null,null,SYSTEM,null,null,ADD
-183,11616293,8932508,67,2025-09-22 00:00:00,2025-12-22 00:00:00,PCHCNT,OP,0,1,0,null,null,null,SYSTEM,null,null,ADD
-184,11616304,8932517,67,2025-09-22 00:00:00,2025-12-22 00:00:00,PCHCNT,OP,0,1,0,null,null,null,SYSTEM,null,null,ADD
-185,11616350,8932562,67,2025-09-22 00:00:00,2025-12-22 00:00:00,PCHCNT,OP,0,1,0,null,null,null,SYSTEM,null,null,ADD
-186,11616593,8932761,67,2025-09-22 00:00:00,2025-12-22 00:00:00,PCHCNT,OP,0,1,0,null,null,null,SYSTEM,null,null,ADD
-187,11616654,8932811,67,2025-09-22 00:00:00,2025-12-22 00:00:00,PCHCNT,OP,0,1,0,null,null,null,SYSTEM,null,null,ADD
-188,11617331,8933266,67,2025-09-23 00:00:00,2025-12-23 00:00:00,PCHCNT,OP,0,1,0,null,null,null,SYSTEM,null,null,ADD
-189,11617489,8933385,67,2025-09-23 00:00:00,2025-12-23 00:00:00,PCHCNT,OP,0,1,0,null,null,null,SYSTEM,null,null,ADD
-190,11617979,8933794,67,2025-09-23 00:00:00,2025-12-23 00:00:00,PCHCNT,OP,0,1,0,null,null,null,SYSTEM,null,null,ADD
-191,11618188,8933966,67,2025-09-23 00:00:00,2025-12-23 00:00:00,PCHCNT,OP,0,1,0,null,null,null,SYSTEM,null,null,ADD
-192,11618952,8934533,67,2025-09-24 00:00:00,2025-12-24 00:00:00,PCHCNT,OP,0,1,0,null,null,null,SYSTEM,null,null,ADD
-193,11619047,8934614,67,2025-09-24 00:00:00,2025-12-24 00:00:00,PCHCNT,OP,0,1,0,null,null,null,SYSTEM,null,null,ADD
-194,11619145,8934705,67,2025-09-24 00:00:00,2025-12-24 00:00:00,PCHCNT,OP,0,1,0,null,null,null,SYSTEM,null,null,ADD
-195,11619484,8934990,67,2025-09-24 00:00:00,2025-12-24 00:00:00,PCHCNT,OP,0,1,0,null,null,null,SYSTEM,null,null,ADD
-196,11619681,8935159,67,2025-09-24 00:00:00,2025-12-24 00:00:00,PCHCNT,OP,0,1,0,null,null,null,SYSTEM,null,null,ADD
-197,11619707,8935184,67,2025-09-24 00:00:00,2025-12-24 00:00:00,PCHCNT,OP,0,1,0,null,null,null,SYSTEM,null,null,ADD
-198,11619774,8935241,67,2025-09-24 00:00:00,2025-12-24 00:00:00,PCHCNT,OP,0,1,0,null,null,null,SYSTEM,null,null,ADD
-199,11619816,8935278,67,2025-09-24 00:00:00,2025-12-24 00:00:00,PCHCNT,OP,0,1,0,null,null,null,SYSTEM,null,null,ADD
-200,11619857,8935312,67,2025-09-24 00:00:00,2025-12-24 00:00:00,PCHCNT,OP,0,1,0,null,null,null,SYSTEM,null,null,ADD
-201,11620373,8935354,67,2025-09-25 00:00:00,2025-12-25 00:00:00,PCHCNT,OP,0,1,0,null,null,null,SYSTEM,null,null,ADD
-202,11622126,8935400,67,2025-09-26 00:00:00,2025-12-26 00:00:00,PCHCNT,OP,0,1,0,null,null,null,SYSTEM,null,null,ADD
-203,11619989,8935431,67,2025-09-24 00:00:00,2025-12-24 00:00:00,PCHCNT,OP,0,1,0,null,null,null,SYSTEM,null,null,ADD
-204,11620199,8935590,67,2025-09-24 00:00:00,2025-12-24 00:00:00,PCHCNT,OP,0,1,0,null,null,null,SYSTEM,null,null,ADD
-205,11620519,8935814,67,2025-09-25 00:00:00,2025-12-25 00:00:00,PCHCNT,OP,0,1,0,null,null,null,SYSTEM,null,null,ADD
-206,11620606,8935880,67,2025-09-25 00:00:00,2025-12-25 00:00:00,PCHCNT,OP,0,1,0,null,null,null,SYSTEM,null,null,ADD
-207,11620778,8936022,67,2025-09-25 00:00:00,2025-12-25 00:00:00,PCHCNT,OP,0,1,0,null,null,null,SYSTEM,null,null,ADD
-208,11620847,8936072,67,2025-09-25 00:00:00,2025-12-25 00:00:00,PCHCNT,OP,0,1,0,null,null,null,SYSTEM,null,null,ADD
-209,11620957,8936165,67,2025-09-25 00:00:00,2025-12-25 00:00:00,PCHCNT,OP,0,1,0,null,null,null,SYSTEM,null,null,ADD
-210,11621148,8936322,67,2025-09-25 00:00:00,2025-12-25 00:00:00,PCHCNT,OP,0,1,0,null,null,null,SYSTEM,null,null,ADD
-211,11621205,8936374,67,2025-09-25 00:00:00,2025-12-25 00:00:00,PCHCNT,OP,0,1,0,null,null,null,SYSTEM,null,null,ADD
-212,11621419,8936560,67,2025-09-25 00:00:00,2025-12-25 00:00:00,PCHCNT,OP,0,1,0,null,null,null,SYSTEM,null,null,ADD
-213,11621529,8936659,67,2025-09-25 00:00:00,2025-12-25 00:00:00,PCHCNT,OP,0,1,0,null,null,null,SYSTEM,null,null,ADD
-214,11621686,8936788,67,2025-09-25 00:00:00,2025-12-25 00:00:00,PCHCNT,OP,0,1,0,null,null,null,SYSTEM,null,null,ADD
-215,11621973,8937005,67,2025-09-25 00:00:00,2025-12-25 00:00:00,PCHCNT,OP,0,1,0,null,null,null,SYSTEM,null,null,ADD
-216,11622394,8937295,67,2025-09-26 00:00:00,2025-12-26 00:00:00,PCHCNT,OP,0,1,0,null,null,null,SYSTEM,null,null,ADD
-217,11622600,8937474,67,2025-09-26 00:00:00,2025-12-26 00:00:00,PCHCNT,OP,0,1,0,null,null,null,SYSTEM,null,null,ADD
-218,11622888,8937727,67,2025-09-26 00:00:00,2025-12-26 00:00:00,PCHCNT,OP,0,1,0,null,null,null,SYSTEM,null,null,ADD
-219,11623063,8937885,67,2025-09-26 00:00:00,2025-12-26 00:00:00,PCHCNT,OP,0,1,0,null,null,null,SYSTEM,null,null,ADD
-220,11623074,8937893,67,2025-09-26 00:00:00,2025-12-26 00:00:00,PCHCNT,OP,0,1,0,null,null,null,SYSTEM,null,null,ADD
-221,11623145,8937959,67,2025-09-26 00:00:00,2025-12-26 00:00:00,PCHCNT,OP,0,1,0,null,null,null,SYSTEM,null,null,ADD
-222,11623414,8938151,67,2025-09-26 00:00:00,2025-12-26 00:00:00,PCHCNT,OP,0,1,0,null,null,null,SYSTEM,null,null,ADD
-223,11623438,8938154,67,2025-09-26 00:00:00,2025-12-26 00:00:00,PCHCNT,OP,0,1,0,null,null,null,SYSTEM,null,null,ADD
-224,11623620,8938376,67,2025-09-26 00:00:00,2025-12-26 00:00:00,PCHCNT,OP,0,1,0,null,null,null,SYSTEM,null,null,ADD